{
	"name": null,
	"className": "Atmosphere",
	"properties": {
		"Color": [0.7803922295570374, 0.7803922295570374, 0.7803922295570374],
		"Decay": [0.3607843220233917, 0.3607843220233917, 0.3607843220233917],
		"Density": 0.30000001192092896,
		"Offset": 0.25
	}
}
