{
	"name": null,
	"className": "BloomEffect",
	"properties": {
		"Enabled": false,
		"Intensity": 0.6499999761581421,
		"Size": 8.0,
		"Threshold": 0.8999999761581421
	}
}
